<?xml version="1.0" encoding="utf-8"?><App xmlns="http://schemas.microsoft.com/sharepoint/2012/app/manifest" Name="student-dashboard-client-side-solution" ProductID="4c276328-a946-4ac6-b44f-e58e1d334285" SharePointMinVersion="16.0.0.0" IsClientSideSolution="true" Version="1.0.0.0" SkipFeatureDeployment="true" IsDomainIsolated="false"><Properties><Title>student-dashboard-client-side-solution</Title><DeveloperProperties>{&quot;name&quot;:&quot;&quot;,&quot;websiteUrl&quot;:&quot;&quot;,&quot;privacyUrl&quot;:&quot;&quot;,&quot;termsOfUseUrl&quot;:&quot;&quot;,&quot;mpnId&quot;:&quot;Undefined-1.20.0&quot;}</DeveloperProperties><ShortDescription><LocalizedString CultureName="default">student-dashboard description</LocalizedString></ShortDescription><LongDescription><LocalizedString CultureName="default">student-dashboard description</LocalizedString></LongDescription><Screenshots></Screenshots></Properties></App>