{
  "$schema": "https://developer.microsoft.com/json-schemas/spfx/client-side-web-part-manifest.schema.json",
  "id": "7e998ba1-dca3-402b-871c-a1f5b2c0439b",
  "alias": "StudentDashboardWebPart",
  "componentType": "WebPart",

  "version": "*",
  "manifestVersion": 2,

  "requiresCustomScript": false,
  "supportedHosts": [
    "SharePointWebPart",
    "TeamsPersonalApp",
    "TeamsTab",
    "SharePointFullPage"
  ],
  "supportsThemeVariants": true,

  "preconfiguredEntries": [
    {
      "groupId": "5c03119e-3074-46fd-976b-c60198311f70",
      "group": { "default": "Advanced" },
      "title": { "default": "StudentDashboard" },
      "description": { "default": "StudentDashboard description" },
      "officeFabricIconFontName": "Page",
      "properties": {
        "description": "StudentDashboard"
      }
    }
  ]
}
