{
  "$schema": "https://developer.microsoft.com/json-schemas/spfx-build/package-solution.schema.json",
  "solution": {
    "name": "student-dashboard-client-side-solution",
    "id": "4c276328-a946-4ac6-b44f-e58e1d334285",
    "version": "1.0.0.0",
    "includeClientSideAssets": true,
    "skipFeatureDeployment": true,
    "isDomainIsolated": false,
    "developer": {
      "name": "",
      "websiteUrl": "",
      "privacyUrl": "",
      "termsOfUseUrl": "",
      "mpnId": "Undefined-1.20.0"
    },
    "metadata": {
      "shortDescription": {
        "default": "student-dashboard description"
      },
      "longDescription": {
        "default": "student-dashboard description"
      },
      "screenshotPaths": [],
      "videoUrl": "",
      "categories": []
    },
    "features": [
      {
        "title": "student-dashboard Feature",
        "description": "The feature that activates elements of the student-dashboard solution.",
        "id": "d58eb359-6d59-4911-9822-3fc6cb43be56",
        "version": "1.0.0.0"
      }
    ]
  },
  "paths": {
    "zippedPackage": "solution/student-dashboard.sppkg"
  }
}
